Grade,Unit,Lesson Title,Lesson URL,YouTube Link,Worksheet PDF,Google Form
Grade 3,Representing Multiplication,Multiplication and Repeated Addition,https://iconmath.com/lesson/1029/,N/A,N/A,N/A
Grade 3,Representing Multiplication,Multiplication and Groups,https://iconmath.com/lesson/1030/,N/A,N/A,N/A
Grade 3,Representing Multiplication,Multiplication Using Arrays,https://iconmath.com/lesson/1031/,N/A,N/A,N/A
Grade 3,Representing Multiplication,Multiplication Using the Number Line,https://iconmath.com/lesson/1032/,N/A,https://iconmath.com/download/file/9f5fb817dad9f96b784e986edd72a7714e9b6372?title=Worksheet.pdf,N/A
Grade 3,Division,"Division: Quotient, Dividend and Divisor",https://iconmath.com/lesson/1033/,N/A,N/A,N/A
Grade 3,Division,Dividing a Number into Groups,https://iconmath.com/lesson/1034/,N/A,https://iconmath.com/download/file/77cdad74682f5f2fa8d63267eab93ba2d45d984a?title=Worksheet.pdf,N/A
Grade 3,Division,Division Using Arrays,https://iconmath.com/lesson/1035/,N/A,N/A,N/A
Grade 3,Division,Division Using Multiplication Table,https://iconmath.com/lesson/1050/,N/A,N/A,N/A
Grade 3,Division,Division Using Properties of Operations,https://iconmath.com/lesson/1051/,N/A,https://iconmath.com/download/file/6a0a2cc53e9ac575d06c7807f2be0aa8b81bc006?title=Worksheet.pdf,N/A
Grade 3,Multiplication Word Problems,Word Problems Involving Multiplication Using Arrays,https://iconmath.com/lesson/1036/,https://www.youtube.com/embed/MSwi_6UpyEk?version=3&vq=hd720&probably_logged_in=0&autoplay=0&modestbranding=1&iv_load_policy=3&hl=en&fs=1&rel=0&showinfo=0&theme=light&wmode=opaque&html5=1&enablejsapi=1&cc_load_policy=0&autohide=1&origin=https://iconmath.com&origin=https://iconmath.com,N/A,N/A
Grade 3,Multiplication Word Problems,Word Problems Involving Multiplication Using the Number Line,https://iconmath.com/lesson/1037/,https://www.youtube.com/embed/pmT4JnHBLzo?version=3&vq=hd720&probably_logged_in=0&autoplay=0&modestbranding=1&iv_load_policy=3&hl=en&fs=1&rel=0&showinfo=0&theme=light&wmode=opaque&html5=1&enablejsapi=1&cc_load_policy=0&autohide=1&origin=https://iconmath.com&origin=https://iconmath.com,N/A,N/A
Grade 3,Multiplication Word Problems,Word Problems Involving Multiplication Using Groups,https://iconmath.com/lesson/1038/,N/A,N/A,N/A
Grade 3,Division Word Problems,Word Problems Involving Division Using Groups,https://iconmath.com/lesson/1039/,https://www.youtube.com/embed/HQtdoTQpO0Q?version=3&vq=hd720&probably_logged_in=0&autoplay=0&modestbranding=1&iv_load_policy=3&hl=en&fs=1&rel=0&showinfo=0&theme=light&wmode=opaque&html5=1&enablejsapi=1&cc_load_policy=0&autohide=1&origin=https://iconmath.com&origin=https://iconmath.com,N/A,N/A
Grade 3,Division Word Problems,Word Problems Involving Division Using Arrays,https://iconmath.com/lesson/1040/,N/A,N/A,N/A
Grade 3,Multiplication Table,The Multiplication Table,https://iconmath.com/lesson/1041/,N/A,N/A,N/A
Grade 3,Multiplication Table,Patterns in the Multiplication Table for the Number 5,https://iconmath.com/lesson/1042/,N/A,N/A,N/A
Grade 3,Multiplication Table,Adding the Number 10 to the Multiplication Table,https://iconmath.com/lesson/1043/,N/A,N/A,N/A
Grade 3,Finding the Unknown Product,Finding the Product Using the Multiplication Table,https://iconmath.com/lesson/1044/,N/A,N/A,N/A
Grade 3,Finding the Unknown Product,Associativity and Multiplication Problems,https://iconmath.com/lesson/1045/,N/A,N/A,N/A
Grade 3,Finding the Unknown Product,Multiplication Table and the Distributive Property,https://iconmath.com/lesson/1046/,N/A,N/A,N/A
Grade 3,Finding the Unknown Factor,Finding the Unknown Factor Using the Multiplication Table,https://iconmath.com/lesson/1047/,N/A,N/A,N/A
Grade 3,Finding the Unknown Factor,Finding the Unknown Factor in Division Problems,https://iconmath.com/lesson/1048/,N/A,N/A,N/A
Grade 3,Multiplication Properties,The Commutative Property of Multiplication,https://iconmath.com/lesson/1052/,N/A,N/A,N/A
Grade 3,Multiplication Properties,The Associative Property of Multiplication,https://iconmath.com/lesson/1053/,N/A,N/A,N/A
Grade 3,Multiplication Properties,The Distributive Property of Multiplication,https://iconmath.com/lesson/1054/,N/A,N/A,N/A
Grade 3,Multiplication Properties,Distributive Property Using the Area of Rectangles,https://iconmath.com/lesson/1291/,N/A,N/A,N/A
Grade 3,Solving Word Problems Using Estimation and Rounding,Estimating Sums Using Rounding,https://iconmath.com/lesson/1055/,N/A,https://iconmath.com/download/file/26808bc0bb83ea00af4e4f23bfca44fd55f0cdc7?title=Worksheet.pdf,N/A
Grade 3,Solving Word Problems Using Estimation and Rounding,Estimating Sums in Word Problems,https://iconmath.com/lesson/1056/,N/A,N/A,N/A
Grade 3,Solving Word Problems Using Estimation and Rounding,Reasonableness of Answers Using Rounding,https://iconmath.com/lesson/1057/,N/A,N/A,N/A
Grade 3,Solving Word Problems Using Estimation and Rounding,Solving Word Problems Using Estimation and Rounding,https://iconmath.com/lesson/1058/,N/A,N/A,N/A
Grade 3,Solving Word Problems Using Estimation and Rounding,Solving Multi-Step Word Problems Using Rounding,https://iconmath.com/lesson/1059/,https://www.youtube.com/embed/iLJEB1hge50?version=3&vq=hd720&probably_logged_in=0&autoplay=0&modestbranding=1&iv_load_policy=3&hl=en&fs=1&rel=0&showinfo=0&theme=light&wmode=opaque&html5=1&enablejsapi=1&cc_load_policy=0&autohide=1&origin=https://iconmath.com&origin=https://iconmath.com,N/A,N/A
Grade 3,Solving Word Problems Using Estimation and Rounding,Using Estimation to Solve Multi-Step Word Problems Involving Multiplication and Division,https://iconmath.com/lesson/1060/,N/A,N/A,N/A
Grade 3,Even and Odd Numbers,Even and Odd Numbers,https://iconmath.com/lesson/1061/,N/A,N/A,N/A
Grade 3,Even and Odd Numbers,Adding Odd and Even Numbers,https://iconmath.com/lesson/1062/,N/A,N/A,N/A
Grade 3,Even and Odd Numbers,Multiplying by Even Numbers,https://iconmath.com/lesson/1063/,N/A,N/A,N/A
Grade 3,Place Value,Place Value Chart,https://iconmath.com/lesson/1064/,N/A,N/A,N/A
Grade 3,Rounding Whole Numbers,Rounding to the Nearest Ten,https://iconmath.com/lesson/1065/,N/A,N/A,N/A
Grade 3,Rounding Whole Numbers,Rounding to the Nearest Hundred,https://iconmath.com/lesson/1066/,N/A,N/A,N/A
Grade 3,Rounding Whole Numbers,Rounding to the Nearest Ten and Hundred,https://iconmath.com/lesson/1067/,N/A,N/A,N/A
Grade 3,Addition Properties,Addition Rules,https://iconmath.com/lesson/1068/,N/A,N/A,N/A
Grade 3,Addition Properties,Mental Math Addition,https://iconmath.com/lesson/1069/,N/A,https://iconmath.com/download/file/c230844cd6305ceb2dd4beb11b65125e838ea0bd?title=Worksheet.pdf,N/A
Grade 3,Subtraction Rules,Subtraction Rules,https://iconmath.com/lesson/1070/,N/A,N/A,N/A
Grade 3,Adding Whole Numbers,Addition Using Base-Ten Blocks,https://iconmath.com/lesson/1071/,N/A,https://iconmath.com/download/file/e7eb61c7e37db9bc5ccbd427af1e0a413724b1a7?title=Worksheet.pdf,N/A
Grade 3,Adding Whole Numbers,Addition Using Place Value Chart,https://iconmath.com/lesson/1072/,https://www.youtube.com/embed/Re_mcKqlXMo?version=3&vq=hd720&probably_logged_in=0&autoplay=0&modestbranding=1&iv_load_policy=3&hl=en&fs=1&rel=0&showinfo=0&theme=light&wmode=opaque&html5=1&enablejsapi=1&cc_load_policy=0&autohide=1&origin=https://iconmath.com&origin=https://iconmath.com,N/A,N/A
Grade 3,Adding Whole Numbers,Addition of Multi-Digit Whole Numbers,https://iconmath.com/lesson/1073/,N/A,N/A,N/A
Grade 3,Subtracting Whole Numbers,Subtraction Using Base-Ten Blocks,https://iconmath.com/lesson/1074/,https://www.youtube.com/embed/Gfvdjg27Xj4?version=3&vq=hd720&probably_logged_in=0&autoplay=0&modestbranding=1&iv_load_policy=3&hl=en&fs=1&rel=0&showinfo=0&theme=light&wmode=opaque&html5=1&enablejsapi=1&cc_load_policy=0&autohide=1&origin=https://iconmath.com&origin=https://iconmath.com,N/A,N/A
Grade 3,Subtracting Whole Numbers,Subtraction Using Base-Ten Blocks with Regrouping,https://iconmath.com/lesson/1075/,N/A,https://iconmath.com/download/file/f9ca9d0784b6a3fc2af2ae81e0acc74f40f21afd?title=Worksheet.pdf,N/A
Grade 3,Subtracting Whole Numbers,Subtraction of Multi-Digit Whole Numbers,https://iconmath.com/lesson/1076/,N/A,N/A,N/A
Grade 3,Multiples of Ten,Multiples of Ten,https://iconmath.com/lesson/1077/,N/A,N/A,N/A
Grade 3,Multiples of Ten,Multiplying Numbers by Multiples of Ten,https://iconmath.com/lesson/1078/,N/A,N/A,N/A
Grade 3,Time,Time in Minutes and Hours,https://iconmath.com/lesson/1079/,https://www.youtube.com/embed/E-KzCnozUMg?version=3&vq=hd720&probably_logged_in=0&autoplay=0&modestbranding=1&iv_load_policy=3&hl=en&fs=1&rel=0&showinfo=0&theme=light&wmode=opaque&html5=1&enablejsapi=1&cc_load_policy=0&autohide=1&origin=https://iconmath.com&origin=https://iconmath.com,N/A,N/A
Grade 3,Time,Time in a Watch,https://iconmath.com/lesson/1080/,N/A,N/A,N/A
Grade 3,Time,Time Estimates,https://iconmath.com/lesson/1081/,N/A,N/A,N/A
Grade 3,Time,Difference in Minutes Between Two Times within the Same Hour,https://iconmath.com/lesson/1082/,N/A,N/A,N/A
Grade 3,Time,Solving Word Problems Involving Adding Minutes,https://iconmath.com/lesson/1083/,N/A,https://iconmath.com/download/file/76a5cb42fc5d1388abbe5d0aaa793605bc28ed9b?title=Worksheet.pdf,N/A
Grade 3,Time,Solving Word Problems Involving Subtracting Minutes,https://iconmath.com/lesson/1084/,N/A,N/A,N/A
Grade 3,Fractions and Unit Fractions,Fractions,https://iconmath.com/lesson/1209/,N/A,https://iconmath.com/download/file/1a2f1ff4e84efa0ca1312f64bc1f383b9e44f9b7?title=Worksheet.pdf,N/A
Grade 3,Fractions and Unit Fractions,Unit Fractions on the Number Line,https://iconmath.com/lesson/1211/,N/A,N/A,N/A
Grade 3,Fractions and Unit Fractions,Building Fractions from Unit Fractions Using Visual Models,https://iconmath.com/lesson/1210/,N/A,N/A,N/A
Grade 3,Fractions and Unit Fractions,Building Fractions Using the Number Line,https://iconmath.com/lesson/1212/,N/A,https://iconmath.com/download/file/732660c01b00e50bac5ad1fa684632f88e9c0d8c?title=Worksheet.pdf,N/A
Grade 3,Equivalent Fractions,Equivalent Fractions Using Visual Models,https://iconmath.com/lesson/1213/,N/A,N/A,N/A
Grade 3,Equivalent Fractions,Equivalent Fractions Using the Number Line,https://iconmath.com/lesson/1214/,N/A,N/A,N/A
Grade 3,Equivalent Fractions,Generating Equivalent Fractions Using Area Models,https://iconmath.com/lesson/1215/,N/A,N/A,N/A
Grade 3,Equivalent Fractions,Generating Equivalent Fractions Using the Number Line,https://iconmath.com/lesson/1216/,N/A,N/A,N/A
Grade 3,Wholes as Fractions,Writing Wholes as Fractions,https://iconmath.com/lesson/1217/,N/A,N/A,N/A
Grade 3,Wholes as Fractions,Expressing Whole Numbers as Fractions Using Visual Models,https://iconmath.com/lesson/1218/,N/A,N/A,N/A
Grade 3,Wholes as Fractions,Expressing Whole Numbers as Fractions Using the Number Line,https://iconmath.com/lesson/1219/,N/A,N/A,N/A
Grade 3,Comparing Fractions,Comparing Fractions Using Area Models,https://iconmath.com/lesson/1220/,N/A,N/A,N/A
Grade 3,Comparing Fractions,Comparing Fractions Using the Number Line,https://iconmath.com/lesson/1221/,N/A,https://iconmath.com/download/file/d395d76b82fe0d7682f73202e39cc0d98724c8d0?title=Worksheet.pdf,N/A
Grade 3,Comparing Fractions,Comparing Fractions with Equal Denominators,https://iconmath.com/lesson/1222/,N/A,https://iconmath.com/download/file/efadbe1144a785f99d2f8d977da4c44fa9dc6f03?title=Worksheet.pdf,N/A
Grade 3,Comparing Fractions,Comparing Fractions with Equal Numerators on the Number Line,https://iconmath.com/lesson/1223/,N/A,https://iconmath.com/download/file/1dc02a41433f314755c36da02cac09dd6d1e9e31?title=Worksheet.pdf,N/A
Grade 3,Measurements: Masses and Liquid Volume,Measuring Mass Using Units of Kilogram,https://iconmath.com/lesson/1224/,https://www.youtube.com/embed/Du-qEdxPC5Q?version=3&vq=hd720&probably_logged_in=0&autoplay=0&modestbranding=1&iv_load_policy=3&hl=en&fs=1&rel=0&showinfo=0&theme=light&wmode=opaque&html5=1&enablejsapi=1&cc_load_policy=0&autohide=1&origin=https://iconmath.com&origin=https://iconmath.com,N/A,N/A
Grade 3,Measurements: Masses and Liquid Volume,Measuring Mass Using Units of Gram,https://iconmath.com/lesson/1225/,N/A,N/A,N/A
Grade 3,Measurements: Masses and Liquid Volume,Measuring Liquid Volume Using Units of Liter,https://iconmath.com/lesson/1226/,https://www.youtube.com/embed/CrFYdnWXgFE?version=3&vq=hd720&probably_logged_in=0&autoplay=0&modestbranding=1&iv_load_policy=3&hl=en&fs=1&rel=0&showinfo=0&theme=light&wmode=opaque&html5=1&enablejsapi=1&cc_load_policy=0&autohide=1&origin=https://iconmath.com&origin=https://iconmath.com,N/A,N/A
Grade 3,Solving Problems Involving Masses or Volumes,Estimating by Adding Whole Measurements of Weight,https://iconmath.com/lesson/1227/,N/A,N/A,N/A
Grade 3,Solving Problems Involving Masses or Volumes,Subtracting Whole Measurements of Weight,https://iconmath.com/lesson/1228/,N/A,N/A,N/A
Grade 3,Solving Problems Involving Masses or Volumes,Solving Mass Measurements Word Problems with Unit Fractions,https://iconmath.com/lesson/1229/,N/A,N/A,N/A
Grade 3,Solving Problems Involving Masses or Volumes,Multiplying Whole Measurements of Mass,https://iconmath.com/lesson/1230/,N/A,N/A,N/A
Grade 3,Solving Problems Involving Masses or Volumes,Dividing Whole Measurements of Liquid Volume Using Groups,https://iconmath.com/lesson/1231/,https://www.youtube.com/embed/TFnIEOks9EM?version=3&vq=hd720&probably_logged_in=0&autoplay=0&modestbranding=1&iv_load_policy=3&hl=en&fs=1&rel=0&showinfo=0&theme=light&wmode=opaque&html5=1&enablejsapi=1&cc_load_policy=0&autohide=1&origin=https://iconmath.com&origin=https://iconmath.com,N/A,N/A
Grade 3,Solving Problems Involving Masses or Volumes,Dividing Whole Measurements of Liquid Volume Solving for an Unknown,https://iconmath.com/lesson/1232/,N/A,N/A,N/A
Grade 3,Solving Problems Involving Masses or Volumes,Multiplying Whole Measurements of Volume,https://iconmath.com/lesson/1233/,N/A,N/A,N/A
Grade 3,Pictographs and Bar Graphs,Representing Data by Drawing Pictographs,https://iconmath.com/lesson/1234/,N/A,N/A,N/A
Grade 3,Pictographs and Bar Graphs,Representing Data by Creating Bar Graph,https://iconmath.com/lesson/1236/,N/A,https://iconmath.com/download/file/64c277acb961fc40bdc38f5d29630e373d5d44a8?title=Worksheet.pdf,N/A
Grade 3,Pictographs and Bar Graphs,Drawing Detailed Bar Graphs,https://iconmath.com/lesson/1237/,N/A,N/A,N/A
Grade 3,Pictographs and Bar Graphs,Reading Data in Bar Graphs Drawn on a Grid,https://iconmath.com/lesson/1238/,N/A,N/A,N/A
Grade 3,Pictographs and Bar Graphs,Reading Data in Bar Graphs,https://iconmath.com/lesson/1239/,N/A,N/A,N/A
Grade 3,Geometry,Squares and Rectangles,https://iconmath.com/lesson/1240/,N/A,N/A,N/A
Grade 3,Geometry,Squares and Rhombi,https://iconmath.com/lesson/1241/,N/A,N/A,N/A
Grade 3,Geometry,Quadrilaterals,https://iconmath.com/lesson/1242/,N/A,N/A,N/A
Grade 3,Geometry,Breaking Shapes into Equal Parts,https://iconmath.com/lesson/1243/,N/A,N/A,N/A
Grade 3,Line Plots,Drawing and Reading Simple Line Plots,https://iconmath.com/lesson/1235/,N/A,N/A,N/A
Grade 3,Line Plots,Organizing Fractional Length Measurement Data,https://iconmath.com/lesson/1289/,https://www.youtube.com/embed/ZBA_uSBsFd0?version=3&vq=hd720&probably_logged_in=0&autoplay=0&modestbranding=1&iv_load_policy=3&hl=en&fs=1&rel=0&showinfo=0&theme=light&wmode=opaque&html5=1&enablejsapi=1&cc_load_policy=0&autohide=1&origin=https://iconmath.com&origin=https://iconmath.com,N/A,N/A
Grade 3,Line Plots,Representing Fractional Length Measurements with Line Plots,https://iconmath.com/lesson/1290/,N/A,N/A,N/A
Grade 3,Area,Unit Squares for Measuring Area of Figures,https://iconmath.com/lesson/1292/,N/A,N/A,N/A
Grade 3,Area,Finding Area of Rectangular Shapes Using Unit Squares,https://iconmath.com/lesson/1293/,N/A,N/A,N/A
Grade 3,Area,Measuring Areas by Counting Unit Squares,https://iconmath.com/lesson/1294/,N/A,N/A,N/A
Grade 3,Area,Finding the Area of a Rectangle Using the Area Formula,https://iconmath.com/lesson/1295/,N/A,N/A,N/A
Grade 3,Finding Sides' Lengths of Plane Figures,Finding the Unknown Sides' Lengths,https://iconmath.com/lesson/1297/,N/A,N/A,N/A
Grade 3,Finding Sides' Lengths of Plane Figures,Using Perimeter to Find the Sides' Lengths,https://iconmath.com/lesson/1298/,N/A,N/A,N/A
Grade 3,Area and Perimeter in Word Problems,Finding Areas of Rectangles by Multiplying Side lengths in Word Problems,https://iconmath.com/lesson/1299/,N/A,N/A,N/A
Grade 3,Area and Perimeter in Word Problems,Finding Areas of Figures by Decomposing them into Rectangles in Word Problems,https://iconmath.com/lesson/1300/,N/A,N/A,N/A
